cavityPDB,surfN,hbS,acceptorS,donorS,bindS,depS,comment,volN,hbV,acceptorV,donorV,bindV,depV,areaV,pkdMax,pkdAve,drugScore
protein_cavity_8.pdb,1134,14,322,487,695,14,o,2918,268,855,1555,2117,10,489,8.39,5.50,-811.00
protein_cavity_7.pdb,1165,7,410,536,735,13,o,3043,111,1011,1394,1797,9,515,8.82,5.64,-950.00
protein_cavity_9.pdb,946,19,274,387,520,8,o,2251,170,624,1083,1374,4,504,6.41,4.82,-1240.00
protein_cavity_6.pdb,1512,4,588,646,898,12,o,4516,23,1448,2231,2782,8,742,8.86,5.66,-971.00
protein_cavity_3.pdb,1279,25,355,455,696,11,o,4799,643,987,1635,2582,9,851,10.22,6.12,-718.00
protein_cavity_10.pdb,816,0,205,489,549,13,o,1400,0,456,949,1070,10,297,6.07,4.70,-1272.00
protein_cavity_5.pdb,993,6,347,546,664,13,o,2524,111,831,1319,1635,8,426,9.05,5.72,-941.00
protein_cavity_13.pdb,600,42,90,284,317,10,o,993,184,271,499,657,5,225,5.44,4.48,-1238.00
protein_cavity_12.pdb,748,7,287,292,473,8,o,1594,9,664,939,1224,5,385,5.93,4.65,-1443.00
protein_cavity_11.pdb,683,36,103,404,430,9,o,1159,215,236,833,912,7,239,5.99,4.67,-1068.00
protein_cavity_4.pdb,1230,30,327,448,647,11,o,4433,579,863,1633,2441,9,794,10.09,6.08,-756.00
protein_cavity_2.pdb,1166,95,231,617,727,20,o,2504,1155,569,1412,2011,17,345,10.32,6.15,101.00
protein_cavity_1.pdb,1249,79,236,653,775,22,o,2816,1245,660,1582,2228,18,426,10.32,6.16,78.00
