resCavID,cavityPDB
CYS_A_292,protein_cavity_7.pdb
CYS_A_309,protein_cavity_7.pdb
CYS_A_257,protein_cavity_6.pdb
CYS_A_206,protein_cavity_3.pdb
CYS_A_309,protein_cavity_10.pdb
CYS_B_292,protein_cavity_5.pdb
CYS_B_309,protein_cavity_5.pdb
CYS_A_206,protein_cavity_11.pdb
CYS_B_206,protein_cavity_4.pdb
