resCavID,cavityPDB,surfN,hbS,acceptorS,donorS,bindS,depS,comment,volN,hbV,acceptorV,donorV,bindV,depV,areaV,pkdMax,pkdAve,drugScore,ENV1-ALA,ENV1-VAL,ENV1-GLU,ENV1-GLN,ENV1-ASP,ENV1-ASN,ENV1-CYS,ENV1-LYS,ENV1-ARG,ENV1-SER,ENV1-THR,ENV1-TYR,ENV1-TRP,ENV1-ILE,ENV1-LEU,ENV1-GLY,ENV1-HIS,ENV1-PHE,ENV1-PRO,ENV1-MET,ENV2-ALA,ENV2-VAL,ENV2-GLU,ENV2-GLN,ENV2-ASP,ENV2-ASN,ENV2-CYS,ENV2-LYS,ENV2-ARG,ENV2-SER,ENV2-THR,ENV2-TYR,ENV2-TRP,ENV2-ILE,ENV2-LEU,ENV2-GLY,ENV2-HIS,ENV2-PHE,ENV2-PRO,ENV2-MET,ENV3-ALA,ENV3-VAL,ENV3-GLU,ENV3-GLN,ENV3-ASP,ENV3-ASN,ENV3-CYS,ENV3-LYS,ENV3-ARG,ENV3-SER,ENV3-THR,ENV3-TYR,ENV3-TRP,ENV3-ILE,ENV3-LEU,ENV3-GLY,ENV3-HIS,ENV3-PHE,ENV3-PRO,ENV3-MET,ENV4-ALA,ENV4-VAL,ENV4-GLU,ENV4-GLN,ENV4-ASP,ENV4-ASN,ENV4-CYS,ENV4-LYS,ENV4-ARG,ENV4-SER,ENV4-THR,ENV4-TYR,ENV4-TRP,ENV4-ILE,ENV4-LEU,ENV4-GLY,ENV4-HIS,ENV4-PHE,ENV4-PRO,ENV4-MET,ENV1-All,ENV2-All,ENV3-All,ENV4-All,ENV1-Tanaka1,ENV2-Tanaka1,ENV3-Tanaka1,ENV4-Tanaka1,ENV1-Tanaka2,ENV2-Tanaka2,ENV3-Tanaka2,ENV4-Tanaka2,ENV1-Tanaka3,ENV2-Tanaka3,ENV3-Tanaka3,ENV4-Tanaka3,ENV1-Tanaka4,ENV2-Tanaka4,ENV3-Tanaka4,ENV4-Tanaka4,ENV1-Tanaka5,ENV2-Tanaka5,ENV3-Tanaka5,ENV4-Tanaka5,ENV1-Tanaka6,ENV2-Tanaka6,ENV3-Tanaka6,ENV4-Tanaka6,ENV1-Tanaka7,ENV2-Tanaka7,ENV3-Tanaka7,ENV4-Tanaka7,ENV1-Tanaka8,ENV2-Tanaka8,ENV3-Tanaka8,ENV4-Tanaka8,ENV1-Tanaka9,ENV2-Tanaka9,ENV3-Tanaka9,ENV4-Tanaka9,ENV1-Tanaka10,ENV2-Tanaka10,ENV3-Tanaka10,ENV4-Tanaka10,ENV1-Tanaka11,ENV2-Tanaka11,ENV3-Tanaka11,ENV4-Tanaka11,ENV1-Tanaka12,ENV2-Tanaka12,ENV3-Tanaka12,ENV4-Tanaka12,ENV1.A,ENV2.A,ENV3.A,ENV4.A,ENV1.C,ENV2.C,ENV3.C,ENV4.C,ENV1.D,ENV2.D,ENV3.D,ENV4.D,ENV1.E,ENV2.E,ENV3.E,ENV4.E,ENV1.N,ENV2.N,ENV3.N,ENV4.N,ENV1.Q,ENV2.Q,ENV3.Q,ENV4.Q,ENV1.F,ENV2.F,ENV3.F,ENV4.F,ENV1.W,ENV2.W,ENV3.W,ENV4.W,ENV1.Y,ENV2.Y,ENV3.Y,ENV4.Y,ENV1.G,ENV2.G,ENV3.G,ENV4.G,ENV1.H,ENV2.H,ENV3.H,ENV4.H,ENV1.I,ENV2.I,ENV3.I,ENV4.I,ENV1.L,ENV2.L,ENV3.L,ENV4.L,ENV1.M,ENV2.M,ENV3.M,ENV4.M,ENV1.V,ENV2.V,ENV3.V,ENV4.V,ENV1.K,ENV2.K,ENV3.K,ENV4.K,ENV1.R,ENV2.R,ENV3.R,ENV4.R,ENV1.P,ENV2.P,ENV3.P,ENV4.P,ENV1.S,ENV2.S,ENV3.S,ENV4.S,ENV1.T,ENV2.T,ENV3.T,ENV4.T,hbVR,hDVR,lipVR
CYS_A_292,protein_cavity_7.pdb,1165,7,410,536,735,13,o,3043,111,1011,1394,1797,9,515,8.82,5.64,-950.0,1,0,1,0,0,0,0,0,1,0,0,0,0,0,1,0,0,0,0,0,1,0,1,0,1,0,0,0,1,0,0,0,0,0,3,0,0,0,0,0,1,0,1,0,1,0,0,0,1,0,0,0,0,3,4,0,0,0,0,0,2,0,1,1,1,0,0,0,2,0,0,0,0,3,4,0,1,0,0,0,4,7,11,15,0.25,0.14285714285714285,0.09090909090909091,0.13333333333333333,0.0,0.0,0.0,0.0,0.0,0.14285714285714285,0.09090909090909091,0.06666666666666667,0.25,0.14285714285714285,0.09090909090909091,0.06666666666666667,0.0,0.0,0.0,0.0,0.0,0.0,0.0,0.0,0.25,0.14285714285714285,0.09090909090909091,0.2,0.25,0.42857142857142855,0.6363636363636364,0.4666666666666667,0.0,0.0,0.0,0.0,0.0,0.0,0.0,0.0,0.0,0.0,0.0,0.06666666666666667,0.0,0.0,0.0,0.0,0.25,0.14285714285714285,0.09090909090909091,0.13333333333333333,0.0,0.0,0.0,0.0,0.0,0.14285714285714285,0.09090909090909091,0.06666666666666667,0.25,0.14285714285714285,0.09090909090909091,0.06666666666666667,0.0,0.0,0.0,0.0,0.0,0.0,0.0,0.06666666666666667,0.0,0.0,0.0,0.0,0.0,0.0,0.0,0.0,0.0,0.0,0.0,0.0,0.0,0.0,0.0,0.0,0.0,0.0,0.0,0.06666666666666667,0.0,0.0,0.2727272727272727,0.2,0.25,0.42857142857142855,0.36363636363636365,0.26666666666666666,0.0,0.0,0.0,0.0,0.0,0.0,0.0,0.0,0.0,0.0,0.0,0.0,0.25,0.14285714285714285,0.09090909090909091,0.13333333333333333,0.0,0.0,0.0,0.0,0.0,0.0,0.0,0.0,0.0,0.0,0.0,0.0,0.03647716069668091,0.4581005586592179,0.16924088070982582
CYS_A_309,protein_cavity_7.pdb,1165,7,410,536,735,13,o,3043,111,1011,1394,1797,9,515,8.82,5.64,-950.0,0,0,0,1,0,2,0,0,1,1,0,0,0,0,1,0,0,0,0,0,0,0,0,1,0,2,0,0,2,1,0,1,0,1,2,0,0,0,0,0,0,0,1,1,0,2,0,0,2,1,0,1,0,2,3,0,0,0,1,0,1,0,2,1,1,2,0,0,2,1,0,1,0,3,5,0,1,0,1,0,6,10,14,21,0.0,0.0,0.0,0.047619047619047616,0.0,0.0,0.0,0.0,0.0,0.0,0.0,0.047619047619047616,0.0,0.0,0.07142857142857142,0.09523809523809523,0.0,0.1,0.07142857142857142,0.047619047619047616,0.0,0.0,0.0,0.0,0.16666666666666666,0.2,0.14285714285714285,0.14285714285714285,0.16666666666666666,0.3,0.35714285714285715,0.38095238095238093,0.0,0.0,0.0,0.0,0.3333333333333333,0.2,0.14285714285714285,0.09523809523809523,0.3333333333333333,0.2,0.21428571428571427,0.14285714285714285,0.0,0.0,0.0,0.0,0.0,0.0,0.0,0.047619047619047616,0.0,0.0,0.0,0.0,0.0,0.0,0.0,0.047619047619047616,0.0,0.0,0.07142857142857142,0.09523809523809523,0.3333333333333333,0.2,0.14285714285714285,0.09523809523809523,0.16666666666666666,0.1,0.07142857142857142,0.047619047619047616,0.0,0.0,0.0,0.0,0.0,0.0,0.0,0.0,0.0,0.1,0.07142857142857142,0.047619047619047616,0.0,0.0,0.0,0.0,0.0,0.0,0.0,0.047619047619047616,0.0,0.1,0.14285714285714285,0.14285714285714285,0.16666666666666666,0.2,0.21428571428571427,0.23809523809523808,0.0,0.0,0.0,0.0,0.0,0.0,0.0,0.0,0.0,0.0,0.0,0.0,0.16666666666666666,0.2,0.14285714285714285,0.09523809523809523,0.0,0.0,0.07142857142857142,0.047619047619047616,0.16666666666666666,0.1,0.07142857142857142,0.047619047619047616,0.0,0.0,0.0,0.0,0.03647716069668091,0.4581005586592179,0.16924088070982582
CYS_A_257,protein_cavity_6.pdb,1512,4,588,646,898,12,o,4516,23,1448,2231,2782,8,742,8.86,5.66,-971.0,0,0,0,0,0,0,0,0,0,0,1,1,0,0,0,0,0,0,0,0,0,1,1,1,0,0,0,0,1,1,1,1,0,0,2,1,0,0,0,0,1,1,1,1,0,0,0,0,2,1,1,1,0,0,3,2,0,0,0,0,2,1,2,1,0,1,0,0,3,1,1,1,0,0,5,2,0,0,0,0,2,10,14,20,0.0,0.0,0.07142857142857142,0.1,0.0,0.1,0.07142857142857142,0.05,0.0,0.0,0.0,0.0,0.0,0.1,0.07142857142857142,0.1,0.5,0.1,0.07142857142857142,0.05,0.0,0.1,0.14285714285714285,0.1,0.0,0.1,0.14285714285714285,0.15,0.0,0.2,0.21428571428571427,0.25,0.0,0.0,0.0,0.0,0.0,0.0,0.0,0.05,0.0,0.2,0.14285714285714285,0.1,0.5,0.1,0.07142857142857142,0.05,0.0,0.0,0.07142857142857142,0.1,0.0,0.0,0.0,0.0,0.0,0.0,0.0,0.0,0.0,0.1,0.07142857142857142,0.1,0.0,0.0,0.0,0.05,0.0,0.1,0.07142857142857142,0.05,0.0,0.0,0.0,0.0,0.0,0.0,0.0,0.0,0.5,0.1,0.07142857142857142,0.05,0.0,0.1,0.14285714285714285,0.1,0.0,0.0,0.0,0.0,0.0,0.0,0.0,0.0,0.0,0.2,0.21428571428571427,0.25,0.0,0.0,0.0,0.0,0.0,0.1,0.07142857142857142,0.05,0.0,0.0,0.0,0.0,0.0,0.1,0.14285714285714285,0.15,0.0,0.0,0.0,0.0,0.0,0.1,0.07142857142857142,0.05,0.5,0.1,0.07142857142857142,0.05,0.005093002657218778,0.49402125775022143,0.16430469441984058
CYS_A_206,protein_cavity_3.pdb,1279,25,355,455,696,11,o,4799,643,987,1635,2582,9,851,10.22,6.12,-718.0,1,0,0,0,1,0,0,0,1,0,0,0,0,0,1,1,0,1,1,0,1,0,0,0,1,0,0,0,1,0,0,0,0,0,2,1,0,1,1,0,1,0,1,1,2,0,0,1,2,1,0,1,0,0,2,1,0,1,1,0,1,0,3,1,2,0,0,1,2,2,0,1,0,0,2,1,0,1,1,0,7,8,15,18,0.14285714285714285,0.125,0.06666666666666667,0.05555555555555555,0.0,0.0,0.0,0.0,0.14285714285714285,0.125,0.13333333333333333,0.1111111111111111,0.0,0.0,0.06666666666666667,0.16666666666666666,0.14285714285714285,0.125,0.13333333333333333,0.1111111111111111,0.14285714285714285,0.125,0.06666666666666667,0.05555555555555555,0.14285714285714285,0.125,0.13333333333333333,0.1111111111111111,0.14285714285714285,0.25,0.13333333333333333,0.1111111111111111,0.0,0.0,0.06666666666666667,0.05555555555555555,0.0,0.0,0.0,0.0,0.14285714285714285,0.125,0.2,0.2222222222222222,0.0,0.0,0.0,0.0,0.14285714285714285,0.125,0.06666666666666667,0.05555555555555555,0.0,0.0,0.0,0.0,0.14285714285714285,0.125,0.13333333333333333,0.1111111111111111,0.0,0.0,0.06666666666666667,0.16666666666666666,0.0,0.0,0.0,0.0,0.0,0.0,0.06666666666666667,0.05555555555555555,0.14285714285714285,0.125,0.06666666666666667,0.05555555555555555,0.0,0.0,0.0,0.0,0.0,0.0,0.06666666666666667,0.05555555555555555,0.14285714285714285,0.125,0.06666666666666667,0.05555555555555555,0.0,0.0,0.0,0.0,0.0,0.0,0.0,0.0,0.14285714285714285,0.25,0.13333333333333333,0.1111111111111111,0.0,0.0,0.0,0.0,0.0,0.0,0.0,0.0,0.0,0.0,0.06666666666666667,0.05555555555555555,0.14285714285714285,0.125,0.13333333333333333,0.1111111111111111,0.14285714285714285,0.125,0.06666666666666667,0.05555555555555555,0.0,0.0,0.06666666666666667,0.1111111111111111,0.0,0.0,0.0,0.0,0.13398624713481974,0.3406959783288185,0.17732861012710982
CYS_A_309,protein_cavity_10.pdb,816,0,205,489,549,13,o,1400,0,456,949,1070,10,297,6.07,4.7,-1272.0,0,0,0,0,0,2,0,0,1,1,0,0,0,0,1,0,0,0,0,0,0,0,1,0,0,2,0,0,2,1,0,0,0,0,2,0,0,0,0,0,0,0,2,1,0,2,0,0,2,1,0,0,0,0,3,0,0,0,1,0,0,0,2,2,0,2,0,0,2,1,0,0,0,1,3,0,0,0,2,0,5,8,12,15,0.0,0.0,0.0,0.0,0.0,0.0,0.0,0.0,0.0,0.0,0.0,0.0,0.0,0.125,0.16666666666666666,0.13333333333333333,0.0,0.0,0.0,0.0,0.0,0.0,0.0,0.0,0.2,0.25,0.16666666666666666,0.13333333333333333,0.2,0.25,0.25,0.26666666666666666,0.0,0.0,0.0,0.0,0.4,0.25,0.16666666666666666,0.13333333333333333,0.2,0.125,0.25,0.3333333333333333,0.0,0.0,0.0,0.0,0.0,0.0,0.0,0.0,0.0,0.0,0.0,0.0,0.0,0.0,0.0,0.0,0.0,0.125,0.16666666666666666,0.13333333333333333,0.4,0.25,0.16666666666666666,0.13333333333333333,0.0,0.0,0.08333333333333333,0.13333333333333333,0.0,0.0,0.0,0.0,0.0,0.0,0.0,0.0,0.0,0.0,0.0,0.0,0.0,0.0,0.0,0.0,0.0,0.0,0.0,0.0,0.0,0.0,0.0,0.06666666666666667,0.2,0.25,0.25,0.2,0.0,0.0,0.0,0.0,0.0,0.0,0.0,0.0,0.0,0.0,0.0,0.0,0.2,0.25,0.16666666666666666,0.13333333333333333,0.0,0.0,0.08333333333333333,0.13333333333333333,0.2,0.125,0.08333333333333333,0.06666666666666667,0.0,0.0,0.0,0.0,0.0,0.6778571428571428,0.21214285714285713
CYS_B_292,protein_cavity_5.pdb,993,6,347,546,664,13,o,2524,111,831,1319,1635,8,426,9.05,5.72,-941.0,0,0,1,0,0,0,0,0,1,0,0,0,0,0,2,0,0,0,0,0,1,0,1,0,1,0,0,0,1,0,0,0,0,0,3,0,0,0,0,0,1,0,1,0,1,0,0,0,1,0,0,0,0,2,4,0,0,0,0,0,2,0,1,1,1,0,0,0,2,0,0,0,0,2,4,0,0,0,0,0,4,7,10,13,0.0,0.14285714285714285,0.1,0.15384615384615385,0.0,0.0,0.0,0.0,0.0,0.14285714285714285,0.1,0.07692307692307693,0.25,0.14285714285714285,0.1,0.07692307692307693,0.0,0.0,0.0,0.0,0.0,0.0,0.0,0.0,0.25,0.14285714285714285,0.1,0.15384615384615385,0.5,0.42857142857142855,0.6,0.46153846153846156,0.0,0.0,0.0,0.0,0.0,0.0,0.0,0.0,0.0,0.0,0.0,0.07692307692307693,0.0,0.0,0.0,0.0,0.0,0.14285714285714285,0.1,0.15384615384615385,0.0,0.0,0.0,0.0,0.0,0.14285714285714285,0.1,0.07692307692307693,0.25,0.14285714285714285,0.1,0.07692307692307693,0.0,0.0,0.0,0.0,0.0,0.0,0.0,0.07692307692307693,0.0,0.0,0.0,0.0,0.0,0.0,0.0,0.0,0.0,0.0,0.0,0.0,0.0,0.0,0.0,0.0,0.0,0.0,0.0,0.0,0.0,0.0,0.2,0.15384615384615385,0.5,0.42857142857142855,0.4,0.3076923076923077,0.0,0.0,0.0,0.0,0.0,0.0,0.0,0.0,0.0,0.0,0.0,0.0,0.25,0.14285714285714285,0.1,0.15384615384615385,0.0,0.0,0.0,0.0,0.0,0.0,0.0,0.0,0.0,0.0,0.0,0.0,0.04397781299524564,0.5225832012678289,0.1687797147385103
CYS_B_309,protein_cavity_5.pdb,993,6,347,546,664,13,o,2524,111,831,1319,1635,8,426,9.05,5.72,-941.0,0,0,0,1,0,2,0,0,1,1,0,0,0,0,1,0,0,0,0,0,0,0,0,1,0,2,0,0,2,1,0,1,0,0,2,0,0,0,0,0,0,0,1,1,0,2,0,0,2,1,0,1,0,1,3,0,0,0,1,0,1,0,2,2,0,2,0,0,2,1,0,1,0,2,5,0,1,0,1,0,6,9,13,20,0.0,0.0,0.0,0.05,0.0,0.0,0.0,0.0,0.0,0.0,0.0,0.0,0.0,0.0,0.07692307692307693,0.1,0.0,0.1111111111111111,0.07692307692307693,0.05,0.0,0.0,0.0,0.0,0.16666666666666666,0.2222222222222222,0.15384615384615385,0.15,0.16666666666666666,0.2222222222222222,0.3076923076923077,0.35,0.0,0.0,0.0,0.0,0.3333333333333333,0.2222222222222222,0.15384615384615385,0.1,0.3333333333333333,0.2222222222222222,0.23076923076923078,0.2,0.0,0.0,0.0,0.0,0.0,0.0,0.0,0.05,0.0,0.0,0.0,0.0,0.0,0.0,0.0,0.0,0.0,0.0,0.07692307692307693,0.1,0.3333333333333333,0.2222222222222222,0.15384615384615385,0.1,0.16666666666666666,0.1111111111111111,0.07692307692307693,0.1,0.0,0.0,0.0,0.0,0.0,0.0,0.0,0.0,0.0,0.1111111111111111,0.07692307692307693,0.05,0.0,0.0,0.0,0.0,0.0,0.0,0.0,0.05,0.0,0.0,0.07692307692307693,0.1,0.16666666666666666,0.2222222222222222,0.23076923076923078,0.25,0.0,0.0,0.0,0.0,0.0,0.0,0.0,0.0,0.0,0.0,0.0,0.0,0.16666666666666666,0.2222222222222222,0.15384615384615385,0.1,0.0,0.0,0.07692307692307693,0.05,0.16666666666666666,0.1111111111111111,0.07692307692307693,0.05,0.0,0.0,0.0,0.0,0.04397781299524564,0.5225832012678289,0.1687797147385103
CYS_A_206,protein_cavity_11.pdb,683,36,103,404,430,9,o,1159,215,236,833,912,7,239,5.99,4.67,-1068.0,0,1,0,0,1,0,0,0,0,0,0,0,0,0,0,1,0,0,1,0,0,1,0,0,1,0,0,0,0,0,0,0,0,0,0,1,0,0,1,0,0,1,0,1,1,0,0,0,0,0,0,2,0,0,1,1,0,0,2,0,0,1,1,1,2,0,0,0,0,0,0,2,0,0,2,1,0,0,2,0,4,4,9,12,0.0,0.0,0.0,0.0,0.25,0.25,0.1111111111111111,0.08333333333333333,0.25,0.25,0.1111111111111111,0.16666666666666666,0.0,0.0,0.0,0.08333333333333333,0.0,0.0,0.2222222222222222,0.16666666666666666,0.25,0.25,0.1111111111111111,0.08333333333333333,0.0,0.0,0.0,0.0,0.0,0.0,0.1111111111111111,0.16666666666666666,0.0,0.0,0.0,0.0,0.0,0.0,0.0,0.0,0.25,0.25,0.3333333333333333,0.25,0.0,0.0,0.0,0.0,0.0,0.0,0.0,0.0,0.0,0.0,0.0,0.0,0.25,0.25,0.1111111111111111,0.16666666666666666,0.0,0.0,0.0,0.08333333333333333,0.0,0.0,0.0,0.0,0.0,0.0,0.1111111111111111,0.08333333333333333,0.0,0.0,0.0,0.0,0.0,0.0,0.0,0.0,0.0,0.0,0.2222222222222222,0.16666666666666666,0.25,0.25,0.1111111111111111,0.08333333333333333,0.0,0.0,0.0,0.0,0.0,0.0,0.0,0.0,0.0,0.0,0.1111111111111111,0.16666666666666666,0.0,0.0,0.0,0.0,0.25,0.25,0.1111111111111111,0.08333333333333333,0.0,0.0,0.0,0.0,0.0,0.0,0.0,0.0,0.25,0.25,0.2222222222222222,0.16666666666666666,0.0,0.0,0.0,0.0,0.0,0.0,0.0,0.0,0.18550474547023296,0.7187230371009491,0.20621225194132872
CYS_B_206,protein_cavity_4.pdb,1230,30,327,448,647,11,o,4433,579,863,1633,2441,9,794,10.09,6.08,-756.0,1,0,0,0,1,0,0,0,1,0,0,0,0,0,1,1,0,1,1,0,1,0,0,0,1,0,0,0,1,0,0,0,0,0,2,1,0,1,1,0,1,0,2,0,2,0,0,1,2,1,0,1,0,0,2,1,0,1,1,0,1,0,3,2,2,0,0,1,2,2,0,1,0,0,2,1,0,1,1,0,7,8,15,19,0.14285714285714285,0.125,0.06666666666666667,0.05263157894736842,0.0,0.0,0.0,0.0,0.14285714285714285,0.125,0.13333333333333333,0.10526315789473684,0.0,0.0,0.13333333333333333,0.15789473684210525,0.14285714285714285,0.125,0.13333333333333333,0.10526315789473684,0.14285714285714285,0.125,0.06666666666666667,0.05263157894736842,0.14285714285714285,0.125,0.13333333333333333,0.10526315789473684,0.14285714285714285,0.25,0.13333333333333333,0.10526315789473684,0.0,0.0,0.06666666666666667,0.05263157894736842,0.0,0.0,0.0,0.0,0.14285714285714285,0.125,0.13333333333333333,0.2631578947368421,0.0,0.0,0.0,0.0,0.14285714285714285,0.125,0.06666666666666667,0.05263157894736842,0.0,0.0,0.0,0.0,0.14285714285714285,0.125,0.13333333333333333,0.10526315789473684,0.0,0.0,0.13333333333333333,0.15789473684210525,0.0,0.0,0.0,0.0,0.0,0.0,0.0,0.10526315789473684,0.14285714285714285,0.125,0.06666666666666667,0.05263157894736842,0.0,0.0,0.0,0.0,0.0,0.0,0.06666666666666667,0.05263157894736842,0.14285714285714285,0.125,0.06666666666666667,0.05263157894736842,0.0,0.0,0.0,0.0,0.0,0.0,0.0,0.0,0.14285714285714285,0.25,0.13333333333333333,0.10526315789473684,0.0,0.0,0.0,0.0,0.0,0.0,0.0,0.0,0.0,0.0,0.06666666666666667,0.05263157894736842,0.14285714285714285,0.125,0.13333333333333333,0.10526315789473684,0.14285714285714285,0.125,0.06666666666666667,0.05263157894736842,0.0,0.0,0.06666666666666667,0.10526315789473684,0.0,0.0,0.0,0.0,0.13061132415971125,0.36837356192194903,0.17911121136927588
